Company Name,Website,Email,Phone,Services,Service Description
Aloka Eye Clinic & Day Surgery Center,https://www.alokaeyeclinic.com/,project.gravity@pexaworks.com,+971 45466379,Health Centre,"Aloka Eye Clinic & Day Surgery Center, Dubai, UAE, we are committed to providing exceptional eye care with a personal touch. Our mission is to be the most accessible, trusted, and advanced provider of ophthalmic services across our regions. We offer a wide range of ophthalmology services, including cataract surgery, refractive error correction, glaucoma management, and vision therapy. From treating common concerns like red eye and eye flu to advanced procedures like retinal laser treatments, cornea surgery, and neuro-ophthalmology, our clinic is equipped with modern technology and a dedicated team."
Brainnovation,https://brainnovation.ae/,brainnovation.ae@gmail.com,0567695585,"Heath & Fitness, Health Centre, Health Centre","Brainnovation is a Brain Training Center in Dubai and Kenya that works with kids and adults of all ages training the cognitive skills the brain uses to think, read, learn, remember and pay attention. We offer a Cognitive Skills Assessment, brain skills and reading programs and an early learners program based on 35 years of research and case studies to help people from all walks of life to overcome learning barriers. We believe every individual has immense potential. Our mission is to unlock these potentials, enhance them and help each individual achieve greater goals in life."
Levantine Medical Center,https://www.levantinemc.ae/,levantinemcseo@gmail.com,971 50 483 1339,"Health Centre, Doctors","Levantine Medical Center is a leading health clinic in the UAE, providing comprehensive healthcare services. Our expert doctors offer a range of medical services, including family medicine, internal medicine, pediatrics, and more. Book your appointment for quality patient care."
Infrafit Clinic,https://infrafit.ae/,infrafitseo@gmail.com,971 4 334 1585,"Health Centre, Beauty and Electrolysis treatments","Infrafit Dubai (est. 2021) offers advanced aesthetic & wellness treatments: body slimming, skincare facials, laser. Expert team, personalized plans for real results. Cutting-edge, non-invasive tech for body & skin."
BROWZ,https://browz.ae/,hello@browz.ae,+971600564668,"Beauty and Electrolysis treatments, Cosmetics, Health Centre","BROWZ was founded in 2016 by internationally recognized creative artist, Michele Barclay. Our award winning and passionate team of experts are dedicated to enhancing your natural beauty with flow and simplicity – offering everything you need to not only flatter but flaunt your favorite features. BROWZ raises the beauty game, bringing innovation and personalisation to semi permanent makeup, brow shaping, lashes, signature anti-aging facials and advanced skincare treatments. At BROWZ we pride ourselves in using cutting edge technology, to bring bespoke beauty excellence to the trend setters of Dubai and Abu Dhabi."
Tajmeels Clinic,https://tajmeels.ae/en/,acerstone01@gmail.com,+97143739000,"Heath & Fitness, Hair & Beauty, Health Centre","Tajmeels Clinic is a leading aesthetic and wellness center in Dubai and Abu Dhabi, offering a wide range of treatments to enhance natural beauty and boost confidence. From advanced skin care and laser treatments to hair transplants, cosmetic surgery, dental care, and wellness services, the clinic combines expert care with the latest technology. With a team of experienced doctors and personalized treatment plans, Tajmeels provides safe, effective solutions in a modern and comfortable setting."
United Arab Emirates,https://www.tajmeels.ae/,abudhabienfield@gmail.com,043330708,"Health Centre, Heath & Fitness, Hair & Beauty","تختلف عيادتنا عن المنتجعات التجميلية الأخرى لأن أطبائنا تخصصوا في مجالاتهم من أفضل المنظمات في العالم. ينجح هؤلاء المحترفون المدربون في إجراء العمليات الجراحية الشهيرة بما في ذلك جراحة الثدي الشهيرة ، وتجميل الأرداف ، وتجميل الأنف ، وحقن البوتوكس ، وزراعة الشعر ، وشفط الدهون ، وغيرها من العلاجات بالليزر لعدة سنوات. أظهر أطباء أمراض النساء والتجميل لدينا خبرتهم في إجراءات مثل تجميل الشفرين وتجميل المهبل. نحن نرحب ونوفر بيئة ودية لمرضانا حتى يتمكنوا من الحصول على علاجهم بعقل مطمئن."
Ayurvedic Treatment Center,https://www.meznahayurveda.ae/,meznahayurveda@gmail.com,0545754572,"Heath & Fitness, Health Centre, Health Centre","Meznah Ayurveda Healthcare Centre, recognized as the Best Ayurveda Clinic in Sharjah , is a unique venture led by three experienced Ayurvedic lady doctors. Our mission is to propagate the ancient wisdom of Ayurveda across the UAE, offering therapeutic and rejuvenating treatments tailored to each individual. Whether you're visiting our Ayurvedic Clinic in Sharjah Rolla or our Ayurveda Clinic in Sharjah , we provide personalized care from diagnosis to the selection of herbs and oils, ensuring treatments that are both result-oriented and holistic. Discover the best in Ayurvedic care at Meznah, where every service is customized according to your body's unique nature."
Petflix Vet,http://Shop No.B04, Samari Retail, Ras Al Khor, Industrial 3, Dubai,petflixvet@gmail.com,971 55 620 4085,"Health Centre, Health Centre","We are dedicated to giving your pet the very best care by striving to meet their unique needs with compassion and expertise. Our commitment extends to providing wholesome, nutritious meals made from high-quality, natural ingredients. Your pet's health and happiness are our top priorities, and we work tirelessly to ensure they receive the nourishment and attention they deserve. With a focus on quality, care, and trust, we aim to support your pet's well-being every step of the way. Whether it's their daily nutrition or overall care, we're here to provide the best for your beloved companion."
Thumbay University Hospital,https://www.drrajeshgarg.com/,admin@drrajeshgarg.com,,"Health Centre, Heath & Fitness, Heath & Fitness","Dr Rajesh Garg is a specialist orthopaedic surgeon at Thumbay University Hospital, Ajman. He graduated and post-graduated from Mumbai, India and did his MCh orthopaedics from the United Kingdom and international training in joint replacement and sports injury at Germany, Hong Kong and Japan. He was a clinical lecturer and a specialist orthopaedic surgeon at Thumbay Hospital, Dubai since 2016. He is a strong proponent of minimally invasive surgeries and is well-trained for arthroscopy procedures, minimally invasive spine surgeries and trauma care."
Best Urologist in Dubai,https://www.urologichealthdubai.com/,rosse2486@gamil.com,+971 52 1235943,"Health Centre, Medical Services, Medical Services","Urologic Health Dubai is a specialized medical clinic led by Dr. Haluk Kulaksizoglu, a renowned urologist and andrologist with over 30 years of international experience. Located in Dubai Marina, the clinic offers advanced, personalized care for a wide range of urological and men's health conditions."
Laser Liposuction in Dubai,https://www.tajmeels.ae/hair-transplant/%D8%AA%D9%83%D9%84%D9%81%D8%A9-%D8%B2%D8%B1%D8%A7%D8%B9%D8%A9-%D8%A7%D9%84%D8%B4%D8%B9%D8%B1/,zunnik72@gmail.com,0562038751,"Health Centre, Health Centre, Health Centre","Hair transplantation in Dubai combines the latest medical technologies with professional expertise to achieve safe, natural results. Specialized clinics offer a variety of options, such as Follicular Unit Extraction (FUE), Direct Hair Implantation (DHI), and Robotic Hair Transplantation (ARTAS), with comprehensive care from consultation to recovery. Thanks to its highly qualified medical staff and state-of-the-art facilities, Dubai has become an ideal destination for those seeking to restore their hair density with confidence and high quality."
kamagra Dubai,https://kamagradubai.ae/,kamagradubai0@gmail.com,+971525248855,Health Centre,"Welcome to Kamagra Dubai, your trusted online platform for premium men's health and sexual wellness products in the UAE. Whether you're looking to enhance performance, improve stamina, or regain confidence in your intimate life, we offer the most effective and reliable solutions."
Online Therapy in Dubai, UAE | Best Psychologist | Counsel Clinic,https://counselclinic.com/,social@counselclinic.com,+971525609479,"Health Centre, Health Centre, Health Centre","Counsel Clinic is a trusted mental health platform offering professional online therapy and counseling services across Dubai and the UAE. Our licensed psychologists and experienced therapists provide confidential support for a wide range of concerns, including anxiety, depression, stress, relationship issues, trauma, grief, and more. All sessions are conducted online for your convenience and privacy. Counseling sessions start at just AED 150, making mental health support more accessible and affordable. We offer flexible appointments, multilingual support, and personalized care for individuals, couples, and teens seeking emotional wellness."
mubadara elite home health center,https://mubadarahealthcenter.ae/,mubadara.elite@gmail.com,971 50 233 2305,"Health Centre, Health Centre, Heath & Fitness",
Sigtcare,https://sitcaresite.com/,clarawhite@chefalicious.com,adm@sightcaresite.com,Health Centre,"SightCare is a natural dietary supplement designed to support eye health, enhance vision clarity, and protect against age-related issues. Its blend of antioxidants and herbal ingredients works to nourish the eyes from within and maintain long-term visual wellness."
Healthserve Health Consultancy,https://www.healthserve.ae/,healthservehealthconsultancy@gmail.com,042353179,"Health Centre, Health Centre, Health Centre","Healthserve Health Consultancy is a leading healthcare consultancy in the beautiful city of Dubai in UAE. which offers an array of services such as Healthcare Licensing | Exam Preparation Materials | Career Guidance | Healthcare Health Consultancy | Training and courses."
Classy Mama And Baby Care Service UAE,https://www.classymamaandbabycare.com/,aki.kaisan@magneticoak.com,971 43297636,"Babies, Children & Kids, Health Centre","Trusted provider of newborn and maternity care in the UAE, offering expert in-home support, postpartum recovery services, and toddler wellness programs led by certified nurses. Classy Mama And Baby Care Service UAE is your trusted partner in motherhood. Based in the heart of the UAE, we specialize in holistic maternity and baby wellness through personalized in-home services. Whether you're preparing for birth, navigating postpartum recovery, or managing toddlerhood, our team of certified nurses ensures compassionate, professional care tailored to your family's unique needs."
Resonance Imaging Diagnostic Center,https://ridc.ae/,ridc.ae@gmail.com,971549957801,"Health Centre, Medical Services, Medical Services","RIDC (Resonance Imaging Diagnostic Center) is a leading medical imaging facility in Dubai, dedicated to providing accurate, timely, and patient-focused diagnostic services. Specializing in a wide range of radiology solutions—including MRI, CT scans, ultrasound, X-ray, mammography, and dental imaging—RIDC combines advanced imaging technology with a team of experienced radiologists and technologists to ensure high-quality care. With a strong focus on comfort, efficiency, and clinical precision, RIDC is trusted by both patients and referring physicians for delivering clear, confident diagnoses that support better health outcomes."
American Accelerated Aesthetics Plastic Surgery L.L.C,https://aaap.ae/,aaapdubai@yahoo.com,+971545959997,"Beauty and Electrolysis treatments, Health Centre, Health Centre","American Accelerated Aesthetics Plastic Surgery L.L.C., located in Jumeirah, Dubai, is the best aesthetic clinic in Dubai, offering advanced aesthetic procedures tailored to enhance beauty and confidence. Specializing in plastic surgery, Botox, fillers, IV drips, laser hair removal, and facial treatments, our expert team combines cutting-edge technology with personalized care to deliver exceptional results. Experience transformative treatments in a luxurious and supportive environment designed to help you look and feel your best."
Healthspan Medical LLC,https://www.healthspan-clinics.com/,contact@healthspan-clinics.com,0562323214,"Medical Services, Heath & Fitness, Health Centre","Welcome to Healthspan Medical, UAE; we focus on preventing disease before it starts. Our proactive approach combines cutting edge screenings, advanced diagnostic testing, and personalized interventions, all designed to optimize your health and well-being. We empower you to take control of your health journey through early detection of potential issues and targeted lifestyle changes tailored to your unique needs. By identifying risks early, we can implement preventive strategies to mitigate future health problems. Our commitment is to provide you with the knowledge and tools necessary to live a longer, healthier, and more fulfilling life. Discover how our comprehensive preventive health programs can transform your future health outcomes."
Magrabi Health Eye Hospital,https://magrabihealth.ae/,dubai@magrabi.com.sa,+97144370606,Health Centre,"Magrabi Health stands at the forefront of Eye & ENT care offering world-class diagnosis and treatments. Our expert team of doctors, nurses, and specialists provide a range of exceptional healthcare across Dubai, Abu Dhabi, and Al Ain. With decades of experience, we are unwavering in our commitment to advancing medical innovation and prioritising patient well-being. By uniting the region's leading experts, we redefine healthcare standards and empower patients to achieve healthier, more fulfilling lives."
Pet Grooming Services,https://doog.ae/,petgroomingsevices@gmail.com,+971 0521496087,Health Centre,"Doog Pets – Dog Grooming Dubai We provide top-quality Dog Grooming Dubai, ensuring your furry friends stay clean, healthy, and happy! From baths to haircuts and spa treatments, our expert groomers deliver a premium experience. 📞 +971 0521496087 📧 hi@doogpets.com 🔗 Visit us: https://doog.ae"
Herbal UAE,https://herbaluae.ae/,herbaluae818@gmail.com,+971544327138,"Health Centre, Health Centre, Health Centre","At Herbal UAE, we provide premium-quality herbal supplements and men's health products to help you maintain an active and fulfilling lifestyle. Whether you're looking for Viagra Dubai, Cialis 20mg Tablets, Cialis 5mg Tablets, or Forever Multi Maca, we offer a variety of effective solutions. Our products are sourced from reputable manufacturers, ensuring you get safe and high-quality herbal remedies."
GROOMUP WOMEN SALON,https://groomup.ae/,groomupwomenuae@gmail.com,+971 54 709 4222,"Women, Health Centre, Beauty and Electrolysis treatments","Step into our stylish sanctuary, where skilled hands and creative minds converge to craft the perfect look for you. Our team of expert stylists, each meticulously trained and certified, possess an unwavering commitment to excellence. They blend precision with artistry, ensuring that every cut, color, and style reflects your unique personality and enhances your natural beauty. At Groom Up Salon, your comfort and well-being are paramount. Our meticulously curated ambiance exudes warmth and tranquility, offering a serene escape from the hustle and bustle of everyday life. Immerse yourself in luxury as you recline in our plush chairs, cocooned in an atmosphere of serenity and refinement."
Botox in Dubai,https://www.perfectdrs.com/dubai-aesthetics-clinic/non-surgical-treatments/botox/,botoxinjection@perfectdrs.com,97146112000,Health Centre,"Transform your look with Botox treatments in Dubai at Perfect Doctors Clinic. As best Botox in Dubai, we specialize in Botox injections for both women and men by using latest techniques. Experience a perfect Botox Aesthetic treatment transformation today."
Onelife HealthCare Center,https://onelifeuae.com/,onelifehealthcarecenter@gmail.com,+971 50 979 6922,"Health Centre, Heath & Fitness","Onelife Home HealthCare is a leading provider of premium home healthcare services in Dubai, UAE. We bring top-quality healthcare to your doorstep—whether at home, office, or hotel. Our wide range of services includes Doctor on Call, Doctor at Home, Health Checkups, Lab Tests, Nursing Care, Elderly Care, Baby and Mother Care, and much more. Booking is quick and hassle-free—call us or visit our website to schedule an appointment. At Onelife Home HealthCare, we are committed to providing compassionate, professional, and personalized care tailored to your needs. Experience unparalleled healthcare convenience with us."
Happy Dream Vip Massage Spa,https://www.google.com/search?q=Happy+Dream+Vip+Massage+Spa&stick=H4sIAAAAAAAA_-NgU1I1qDBONU0zTbFMsTRMSzO0NE-yMqhINEm1MDdMNTGxMLVIM05JXsQq7ZFYUFCp4FKUmpirEJZZoOCbWFycmJ6qEFyQCACLAfaVRwAAAA&hl=en&mat=CVKmkKU-OPalElUBmzl_pcsWT5-hwjsihdCrbuIGSg38JdRCP4x,happydreamvipmassagespa@gmail.com,+971553198557,"Health Centre, Herbal Remedies, Heath & Fitness","We Provide Various Massage Services Like Thai Massage, Hot Oil Massage, Hot Stone Massage, Deep Tissue Massage, Moroccan Bath, Aruvedic Massage and many more."
Life Balance,http://Fujairah - Creative Tower P.O.Box 4422 Fujairah , Dubai , UAE,balancelife474@gmail.com,+971562590990,"Beauty and Electrolysis treatments, Health Centre, Heath & Fitness","Life Balance, accessible at https://life-balance.ae/, is a wellness company based in the United Arab Emirates that specializes in products designed to promote holistic health and harmony. Their offerings are rooted in Ayurvedic principles and focus on balancing the body's energy centers, known as chakras."
DR Ak Health Care,https://draneshk.com/,andreajowett38@gmail.com,971 56 504 5569,"Doctors, Health Centre, Heath & Fitness","DR AK Health Care is a trusted medical center offering a range of expert healthcare services, including General Physician consultations, Lymphatic Drainage therapy, Physiotherapy, and Pediatric Rehabilitation. Our dedicated team ensures top-quality care for all ages, providing essential Laboratory Tests and specialized STD screenings. With a focus on patient well-being, we deliver personalized treatments to promote recovery and overall health. Whether you need routine check-ups, rehabilitation support, or diagnostic testing, DR AK Health Care is committed to excellence in medical care. Visit us for compassionate, professional healthcare tailored to your needs."
Best Plastic Surgeon in Dubai,https://www.perfectdrs.com/plastic-cosmetic-surgery/,plasticsurgeons@perfectdrs.com,971 046112000,"Health Centre, Heath & Fitness, Hair & Beauty","Looking for the best plastic surgeon in Dubai? Our leading plastic surgery clinic in Dubai offers advanced cosmetic and reconstructive procedures with expert care. From rhinoplasty and liposuction to facelifts and body contouring, we provide safe, customized treatments for natural results. With state-of-the-art technology and experienced specialists, we ensure excellence in aesthetic transformations. Book your consultation today at the best plastic surgery clinic in Dubai."
Euphorium,https://euphorium.ae/,euphoriumuae@outlook.com,,"Health Centre","Euphorium is Dubai's first and only 24/7 self-service drive-through ice bath and sauna facility. They offer: Self-service ice baths and saunas ""Zeus Cave"" drive-through with contactless entry Daily ozone and multi-stage filtration for cleanliness Pricing: Ice bath sessions: AED 50 Sauna sessions: AED 100 Monthly unlimited access: AED 400"
Dr. Maxime Challali,https://drchallalimaxime.com/,sanket.medigrow@gmail.com,+971 52 240 3787,"Health Centre, Health Centre, Health Clubs & Gyms","Discover advanced spine treatments with Dr. Challali Maxime in Dubai. Providing top-tier care and innovative solutions for your spine health. Consult today!"
Sejovi Dental & Implant Center DMCC,https://sejovi.com,info@sejovi.com,0502816170,"Dentists, Doctors, Health Centre","All dental service including Dental Implant, Orthodontic Braces, Root Canal and cosmetic dentistry"
Al Shunnar Plastic Surgery,https://alshunnarplasticsurgery.ae/,digitalpr@alshunnarplasticsurgery.ae,+971581436055,"Heath & Fitness, Heath & Fitness, Health Centre",
Sahara Healthcare City,https://www.saharahealthcarecity.com/,saharahealthcarecitydigital@gmail.com,+97165313666,"Health Centre, Medical Services, Medical Equipment","Sahara Healthcare City aims to become the UAE's first medical destination offering medical and surgical treatment, served by professional competencies from different disciplines—all gathered under one roof—to provide assistance to patients in the UAE and beyond. Located in Sharjah, Sahara Medical Center will be a key player in the UAE's healthcare sector. This innovative healthcare city will blend hospitality and healthcare to deliver high-quality medical services, thereby enhancing the overall healthcare system in the UAE."
health1.ae,https://health1.ae/,inquiry@health1.ae,+971 52 927 1910,"Health Centre, Heath & Fitness, Health Clubs & Gyms","Doctor on Call, Nurse on Call, IV Therapy at Home, Lab Test at Home, Elderly Care, Maternity Care, Child Care, Physiotherapy, Wellness Care, Home Healthcare, Medical Consultation, Home Nursing, Home Health Services, Telemedicine, Remote Healthcare, Health and Wellness, Elderly Support, Pregnancy Care, Pediatric Care, Physiotherapy at Home, Wellness and Recovery, Health Monitoring, Home Lab Testing, Family Healthcare, At-home Health Solutions, Personalized Healthcare, Virtual Doctor Services, Home Medical Assistance, Home Treatment, Patient Care at Home, Medical Support Services."
confidentcare.ae,https://confidentcare.ae/,asadbasharat02@gmail.com,+971 58 591 9444,"Health Centre, Medical Services, Medical Services","Need discreet and reliable STD testing in Abu Dhabi? Visit trusted STD clinics offering accurate results, same-day services, and complete confidentiality. Affordable private STD screening with fast results—book your appointment today!"
Jobe VIP spa,https://jobeluxuryspa.com/,dang123xuan123@gmail.com,0586122456,"Health Centre, Therapy, Herbal Remedies","We are Jobe VIP spa. Our spa provide high quality and customer satisfaction. We Provides:massage therapy treatment: Thai massage, aromatherapy massage, deep tissue massage, therapeutic oil massage, cupping therapy massage, Swedish massage, hot stone massage, hot oil massage, jacuzzi bath and body scrub,sliming massage, reflexology massage,reductive mesotherapy, lymphatic drainage massage, madero therapy treatment, sport massage… our staff professional massage, long experience and very kind . We commitment to bring top quality to our customer."
Ramacare Polyclinic,https://ramacarepolyclinic.com/,fasnaramacare@gmail.com,0566597878,"Health Centre, Health Centre, Health Centre","one of the best polyclinics in Dubai"
Couple Health Care,http://info@couplehealthcare.com,couplehealthcare52@gmail.com,+971553619152,Health Centre,"Welcome to Couple Health Care, your one-stop destination for innovative and effective personal care products tailored to elevate your health, confidence, and intimacy. We pride ourselves on offering a curated selection of premium solutions designed to meet diverse health and wellness needs."
Ayurheritage Clinic,https://www.ayurheritage.ae/,clinicayurheritage@gmail.com,+971 50 910 0715,,"Health Centre, Hair & Beauty, Heath & Fitness","Ayurheritage, located in Dubai, is a premier Ayurvedic clinic offering a range of holistic treatments. Specializing in personalized care, they provide services like Ayurveda consultations, body type analysis, and Panchakarma therapies. The clinic addresses various health issues, including orthopedic conditions, eye care, sports massage and postnatal care, using traditional Ayurvedic methods. Their experienced practitioners ensure treatments are tailored to individual needs, promoting overall well-being. Ayurheritage is dedicated to delivering high-quality, natural healthcare solutions, making it a trusted destination for Ayurvedic healing in Dubai."
aberdeendentalimplantclinic,https://aberdeendentalimplantclinic.co.uk/,Aberdeendentalimplantclinic@gmail.com,44 1224 588477,"Health Centre, Dentists, Dentists","Transform your smile at Aberdeen Dental Implant Clinic. Offering advanced dental implant solutions, expert care, same-day treatments, and lasting results. Restore confidence with natural-looking replacements tailored to you. Book your consultation today and experience exceptional dental care in the heart of Aberdeen!c"
Dr. Safwan Taha,https://www.safwantaha.com/,safwan.a.taha@gmail.com,0568927586,"Health Centre, Heath & Fitness, Heath & Fitness","Discover top-tier Obesity and Weight Loss Surgery in Abu Dhabi with Dr. Safwan Taha. We specialize in Bariatric and Metabolic Surgery and offer personalized care to help you achieve your health goals. Whether you need Sleeve Gastrectomy, Gastric Balloon, or other weight loss solutions, our expert team provides comprehensive support throughout your journey. Contact us for the best Bariatric Surgery Abu Dhabi has to offer."
Dr. Haytham El-Salhat,https://www.haythamelsalhat.com/,slahat.haytham@gmail.com,0504492281,"Health Centre, Doctors","Dr. Haytham El-Salhat is the best surgical oncologist in the UAE. He specializes in breast cancer, sarcoma, GI, and pancreatic surgery. He is also a highly skilled laparoscopic surgeon and is one of the few surgeons in Abu Dhabi who performs laparoscopic oncological surgery."
Chemtough,https://chemtough.com/,chemtoughseo@gmail.com,507290350,"Health Centre, Games, Games","CHEMTOUGH Green Nitrile Powder-Free Gloves are well-known in the UAE for their superior protection against chemical splashes and hazardous substances. These green nitrile gloves provide excellent resistance to chemotherapy drugs, making them ideal for use in heavy chemical industries. The proprietary nitrile formulation enhances durability and comfort for extended wear, and the fully textured design ensures a secure grip in both wet and dry conditions. Whether you're in the UAE's industrial sector or working with hazardous materials, these green nitrile gloves offer unmatched safety and performance."
Zita Chriszto | Psychologist in Dubai | Child & Adult Therapy,https://dubaipsychology.ae/,dubaipsychology@protonmail.com,971 58 566 9327,Health Centre,"As a DHA licensed Psychologist, I specialize in evidence-based therapy for mental health concerns such as addiction, eating disorders and relationship problems."
Nagaad Organics,https://nagaad.ae/,nagaadorganicsuae@gmail.com,042525415,"Health Centre, Health Centre, Hair & Beauty","Nagaad Organics is a manufacturing company specializing in high-quality, natural, and organic products derived from wild-grown resins and gums harvested in Eastern Africa. Founded in 1940, it is now successfully operating as a fifth-generation family business. At Nagaad Organics, we offer a diverse range of products, including Frankincense, Commiphora Myrrh, Acacia Gum, Acacia Spray Dry Powder, various species of Frankincense Essential Oils, as well as an extensive line of beauty & wellness products and perfumes."
Holburn Dental and Implant Centre,https://holburndentalclinic.co.uk/,info@holburndentalclinic.co.uk,441224588210,"Dentists, Dentists, Health Centre","Holburn Dental and Implant Centre provides a full range of dental services, including implants, cosmetic treatments, and general dentistry. Our skilled team delivers personalised care in a welcoming setting, helping you achieve a healthy, confident smile."
Healyouself,https://www.healyouself.blog,nemahsuki@gmail.com,5526472281,"Health Centre, Health Clubs & Gyms, Heath & Fitness",
Ashtanga Ayurveda Medical Centre,https://ashtangaayurveda.ae/,ashtangaayurvedauae@gmail.com,+971 44919484,"Doctors, Health Centre, Therapy","Ashtanga Ayurveda Dubai started with a vision to avail high-quality Ayurvedic treatments, precise diagnosis, prescription of genuine, high-quality Ayurvedic herbs and oils, and skilled application of therapeutic, holistic therapies."
White Spirit Thai Spa & Massage Parlour,https://whitespiritmassage.com/,info@whitespiritmassage.com,+971586501136,"Heath & Fitness, Health Centre, Health Clubs & Gyms","Body Massage Indulge in our personalized body massage services, crafted to address your unique requirements. Our skilled techniques relieve muscle tension and enhance circulation, leaving you refreshed and revitalized. Oil Massage Savor our oil massage therapy, enriched with carefully selected essential oils for heightened relaxation and tranquility. Leave feeling rejuvenated at our Business Bay massage oasis and ready to conquer the day. Luxury Massage Embrace pure opulence through our luxury massage, featuring premium oils and expert techniques for an unparalleled relaxation journey, releasing all traces of stress at our massage center Business Bay bliss. Hot Stone Massage Discover comfort and warmth with our hot stone massage, where heated stones melt away muscle tension and enhance circulation, leaving you in a state of deep relaxation, a massage Business Bay delight! Thai Massage Embark on a journey to ultimate relaxation with our authentic Thai Massage in Business Bay Dubai. Allow our experienced therapists to dissolve your stress at our massage spa in Business Bay. Moroccan Bath Indulge in total relaxation with our Moroccan Bath Massage. Our skilled massage therapists will pamper and revitalize your body. Avail our spa Business Bay first-rate service today."
Elegant Hoopoe,https://eleganthoopoe.ae/hair-removal-in-dubai-abu-dhabi/,eleganthoopoe21@gmail.com,+971505083677,"Health Centre, Health Clubs & Gyms, Health Clubs & Gyms","At Elegant Hoopoe, we specialize in providing expert hair removal treatments that give you smooth, lasting results. Located in Dubai, our center offers advanced laser hair removal treatments, designed to significantly reduce hair regrowth and eliminate the need for constant shaving or waxing. Our experienced team customizes each session to your skin type and hair needs, ensuring safe, effective, and comfortable treatments. Whether you're targeting larger areas or more delicate zones, Elegant Hoopoe is committed to helping you achieve flawless, hair-free skin. Discover the confidence of effortless beauty with our personalized hair removal solutions."
mantraayurveda,https://www.mantraayurveda.ae/,mantraayurveda03@gmail.com,971 563762546,"Health Centre, Health Centre, Health Centre","Mantra Ayurveda Clinic FZ-LLC is one of the pioneering health institutions located in Dubai Healthcare City,Oud Metha.Mantra started operations in the year 2012."
feysalabdullah,https://drfeysal.com/,jennifercaston11222@gmail.com,,"Health Centre, Doctors, Doctors","Dr. Feysal Abdullah, a European Swedish Board and Consultant Orthopedic Surgeon, specializes in spine surgery and possesses extensive expertise in general orthopedic trauma and fracture management, as well as upper and lower limb orthopedic surgery. Committed to exceptional patient care and the advancement of orthopedic surgical techniques, Dr. Abdullah is recognized as one of the best spine surgeons in Dubai. Schedule your consultation today with this renowned orthopedic doctor in Dubai!"
Canadian Medical Center Abu Dhabi,https://www.canadiancmc.com/,canadiancmcmedia@gmail.com,+971 800 262,"Health Centre, Health Centre, Heath & Fitness","Canadian CMC is a leading **medical center in Abu Dhabi**, offering world-class healthcare services with a focus on patient-centered care. Committed to excellence, the center provides a wide range of specialized treatments and advanced medical technology. Whether you require routine check-ups, diagnostic services, or complex procedures, Canadian CMC ensures top-tier medical expertise combined with compassionate care. Their team of highly qualified physicians and healthcare professionals work diligently to deliver personalized treatment plans, making them a trusted choice for healthcare in Abu Dhabi."
Thrive Wellbeing Centre by Dr. Sarah Rasmi,https://www.thrive.ae,thrivewellbeingae@gmail.com,+971 56 895 2347,Health Centre,"psychologists and therapists"
Dominator Pest Control,http:// https://dominatorpestcontrol.ae/,info@dominator.ae,0569686078,"Cleaning Services, Pest Control, Health Centre","For the best pest control in Abu Dhabi, look no further than our top-rated services. With a focus on customer satisfaction and effective solutions, we provide comprehensive pest management tailored to your needs. Our experienced technicians utilize industry-leading techniques to ensure your home or business remains pest-free, creating a safe and healthy environment for all."
AYUR SPARSHA AYURVEDA CENTRE DMCC,https://ayursparshauae.com/,info@ayursparshauae.com,+971 588908656,"Health Centre, Health Centre, Health Centre","Ayursparsha, your sanctuary of holistic well-being, gracefully situated near the enchanting Jumeira Lake in Dubai. Nestled in the heart of this vibrant city, our Ayurvedic Premium Healthcare Centre invites you to experience the timeless wisdom of Ayurveda amidst the scenic beauty of the Jumeira lakefront. Embrace a harmonious fusion of ancient healing traditions and modern luxury, as our dedicated team of experts guides you on a transformative journey toward optimal health and vitality. Discover the pinnacle of wellness in a serene and picturesque setting at Ayursparsha."
Bizrahmed,https://bizrahmed.com/,seobizrahmed@gmail.com,043444688,"Health Centre, Health Centre, Health Centre","Bizrahmed is a premier destination for cosmetic surgery, known for its exceptional results and quality care for patients around the globe. Established by the internationally acclaimed Dr. Bizrah, Bizrahmed boasts cosmetic clinics in Dubai and London, providing a fully personalized experience at every stage of your journey. Our specialists are uniquely skilled in catering to diverse ethnicities and employ the latest techniques to ensure optimal outcomes. For those seeking the ideal cosmetic clinic, Bizrahmed is the ultimate choice."
Zeedent Clinic,https://www.zeedent.ae/,cliniczeedent@gmail.com,971 50 6388938,"Health Centre, Doctors","Zeedent is the most trusted dental clinic in Dubai Silicon Oasis where it offers all dental services with expert dentists. We differ from other dental clinics because we offer a unique and personal experience. We believe that with our dedicated team, we are capable of providing the best care for all our patients. We take pride in delivering the highest quality of services at affordable prices and the way to do that is through using modern technology, which enables us to work efficiently and effectively. We are proud to have physicians on board who share this same commitment to excellence in healthcare."
Honey Bank UAE,https://www.honeybankuae.com,n50246090@gmail.com,+971589998345,"Heath & Fitness, Health Centre, Heath & Fitness","Discover the unparalleled taste and numerous health benefits of pure honey from Honey Bank UAE. We specialize in offering a diverse selection of the finest honey varieties, sourced from the most pristine and ecologically rich regions. Whether you're a culinary enthusiast, health-conscious individual, or simply someone who appreciates nature's sweet gift, Honey Bank UAE has the perfect honey for you."
Lucia Clinic,https://luciaclinic.com/,listing@luciaclinic.com,97143854525,"Doctors, Health Centre, Health Centre","Your Destination for Extraordinary Skincare and Plastic Surgery - Lucia Clinic Dubai If you need a skin care clinic Dubai, or are looking for plastic surgery Dubai, Lucia Clinic is here for you. Our clinic stands out for its commitment to luxury and precision, providing a peaceful environment where all procedures are performed with minimal downtime. From the initial consultation to the final reveal, we focus on creating an extraordinary aesthetic experience. At Lucia Clinic, we recognize that every patient has specific needs and aesthetic objectives. Our facility is equipped with cutting-edge technology to guarantee that each treatment is effective and safe. Our experienced dermatologists and plastic surgeons are committed to providing customized care designed to enhance your natural beauty."
Keyani Welless,https://keyaniwellness.com/,keyaniwellness04@gmail.com,+971 58 5870799,"Health Centre, Health Clubs & Gyms, Health Clubs & Gyms","Keyani Wellness offers comprehensive psychological health treatment and holistic life coaching. Their approach integrates mind, body, and spirit to promote overall well-being. Psychological health treatment at Keyani Wellness includes personalized therapy sessions aimed at addressing mental health concerns, such as anxiety, depression, and stress. Their holistic life coaching helps clients achieve balance and fulfillment by setting personal goals, fostering self-awareness, and developing healthy lifestyle habits. Through traditional therapeutic techniques and holistic practices, Keyani Wellness empowers individuals to lead healthier, more balanced lives."
Patientexperts.co,https://patientexperts.co/,patientexperts@outlook.com,058-8283292,"Medical Services, Health Centre, Medical Equipment","The team at PatientExperts.co spans a cumulative experience span of over 20 years in, patient care & patient experience, medical operations, patient's health insurance coverage with the doctor and the medical facility, medical case management & treatment coordination, and second medical opinions. We help both patients-citizen and residents of UAE, as well rest of the GCC and MENA- African region, how We will help you book your appointments within the UAE with access to the right treatment, with the hand pick qualified doctors, at the right medical facility, and importantly – at the right time! We reduce the gap or delays that you may have faced previously as a result in order to get your appointments."
Golden Seven Spa,https://www.goldensevenspamassage.ae/,golden7spa@gmail.com,0555671702,"Hair & Beauty, Health Centre, Heath & Fitness","Best Spa Massage Center on Nad Al Hamar Rd - Dubai Festival City in Dubai. Golden Seven Spa Massage is best prime luxury Spa Massage Center In Nad Al Hamar Rd - Dubai Festival City Offers Foot Massage, Full Body Oil Massage, Hot Oil Massage, Aroma Massage, Cupping Therapy, Four Hands Massage in Dubai UAE."
Cora Spa,https://www.coraspa.ae/,coraspadubaimassage@gmail.com,0524028847,"Health Centre, Hair & Beauty, Heath & Fitness","Cora Spa is the most luxurious massage center in Sheikh zayed road Dubai which specialize in fine-class massage treatments. We are massage spa dubai located in Sheikh zayed road, Dubai right in the heart of the city."
Cora Spa,,coraspadubaimassage@gmail.com,0524028847,"Health Centre, Hair & Beauty, Heath & Fitness","Cora Spa is the most luxurious massage center in Sheikh zayed road Dubai which specialize in fine-class massage treatments. We are massage spa dubai located in Sheikh zayed road, Dubai right in the heart of the city."
Familydental,https://familydentalclinic.ae/,Familydentaldso@gmail.com,+152,"Health Centre, Health Centre, Heath & Fitness","Best Dental Clinic in Dubai for comprehensive oral care. Experienced Dentists in Dubai provide services including general dentistry, cosmetic treatments, & care."
Dr Nikolas Valsamidis,https://www.valsamidis-surgery.com/,info@valsamidis-surgery.com,+971504523324,"Doctors, Health Centre, Heath & Fitness",
Zero Healthcare,https://zerohealthcare.ae/,zerohealthcaredubai@gmail.com,97154252988,"Heath & Fitness, Health Centre, Health Centre","Founded in 2011, Zero Healthcare is a prominent multinational corporation renowned for its expertise in massage chairs and exercise equipment. With a presence in multiple countries such as Malaysia, Pakistan, Brunei, Singapore, and UAE, we have emerged as a reputable entity in the health and wellness sector. At Zero Healthcare, we are committed to promoting a healthy and comfortable lifestyle for all individuals. Our comprehensive range of products is meticulously crafted to facilitate regular exercise and relaxation. We prioritize the holistic well-being of our customers, ensuring that our massage chairs and exercise equipment strike the ideal balance between physical fitness and mental relaxation."
Diva'Me,https://www.idivame.com/,diva@idivame.com,0585912414,Health Centre,"Diva'Me is dedicated to providing women with high-quality, reusable period underwear that combines comfort, style, and sustainability. Our eco-friendly period products are meticulously crafted to offer the best in organic and leak-proof menstrual solutions. At Diva'Me, we understand the importance of both comfort and environmental responsibility. That's why our period panties are made from the finest materials, ensuring that you feel confident and secure throughout your menstrual cycle"
Dynamic Clinic Dubai,https://www.dynamiclinic.com/en-ae/skincare-treatments/decolletage-peeling/,khalil.dynamicclinic@gmail.com,+971043888504,"Health Centre, Heath & Fitness, Heath & Fitness","Decolletage peeling in Dubai offers a targeted skincare solution for the delicate skin of the neck and upper chest. This treatment helps to rejuvenate and restore a youthful appearance by exfoliating dead skin cells, reducing pigmentation, and stimulating collagen production. Utilizing advanced peeling techniques and high-quality products, decolletage peeling addresses sun damage, fine lines, and uneven skin tone. Dubai's renowned skincare clinics provide expert care in a luxurious setting, ensuring optimal results and a revitalized, radiant decolletage. Experience smoother, more even-toned skin with professional decolletage peeling in Dubai."
Dr. Neha Lalla | Best Indian Gynaecologist in Dubai,https://eatprayendoscopy.com/contact-us/,drnehalalla@gmail.com,+971 4212 2599,Health Centre,"Dr. Neha Lalla is an Obstetrician & Gynecologist with 10 years of experience inclusive of 4 years of exclusive experience in Gynecological Endoscopy (Laparoscopy & Hysteroscopic surgery). She has worked as an associate Laparoscopic Surgeon in a mobile multi-centric advanced Endoscopic unit for 2 years in Mumbai under one of the best Gynecologist in Thane and Laparoscopic Surgeon. She is highly motivated & team-oriented certified surgeon with vast areas of experience in urban as well as rural health care. She believes that minimal access surgery should be available to all & looks forward to do so by developing her skills and knowledge. She is also involved in various research and actively participates in related seminars."
Retina Care Dubai,https://retinacaredubai.com/about-us/,just4back23@gmail.com,971502944374,"Doctors, Health Centre, Health Centre","When it comes to finding a reliable and experienced eye doctor in Dubai, look no further than Dr. Vasu Kumar. With years of expertise and a genuine passion for helping patients achieve optimal eye health, he is undoubtedly the go-to eye doctor in Dubai. Dr. Kumar's commitment to excellence is evident in his approach towards each patient; he takes the time to thoroughly understand their concerns and conducts comprehensive examinations with precision and care. His vast knowledge extends across various areas of ophthalmology, including cataract surgery, glaucoma treatment, refractive surgeries such as LASIK and PRK, corneal disorders management, pediatric ophthalmology services, diabetic retinopathy treatment, and much more"
Roar Fitness,https://www.roar-fitness.com/,dubai@roar-fitness.com,45294991,"Heath & Fitness, Health Clubs & Gyms, Health Centre","personal fitness trainer, personal training, fitness trainer, private trainer, online fitness trainer, strength trainer, body transformation coach, weight loss transformation, nutrition programming, nutritious meal planning."
Kids Neuro Clinic,https://kidsneuro.ae/,jainshreya2099@gmail.com,045570326,"Health Centre, Doctors, Doctors","If you are in search of a pediatric neurologist in Dubai, look no further than Kids Neuro Clinic. This renowned clinic is dedicated to providing the highest quality care and treatment for children with neurological disorders. With a team of highly skilled and experienced doctors specializing in pediatric neurology, Kids Neuro Clinic ensures that your child receives personalized attention and the best possible treatment options available. Whether it be epilepsy, developmental delays, or any other neurological condition, their expert pediatric neurologists have extensive knowledge and expertise in diagnosing and managing these complex conditions. At Kids Neuro Clinic, they understand the unique needs of young patients and strive to create a warm and welcoming environment where children feel comfortable during their visits. By choosing Kids Neuro Clinic as your trusted healthcare provider for your child's neurological needs, you can rest assured that they will receive exceptional care from top-notch specialists who genuinely prioritize their well-being. Read More- https://kidsneuro.ae/"
Getchecked Clinic,https://getcheckedclinic.com/,getcheckedclinicmarketing@gmail.com,+971527007915,"Health Centre, Medical Services, Doctors","Services : General Health, STD/STI Wellness, DNA Testing, HIV Testing, Diet & Nutrition, IV Therapy, Massage Therapy, Men's Health, Women's Health"
Kamagra.ae,https://kamagra.ae/,kamagra780@gmail.com,+971558247609,"Medical Services, Heath & Fitness, Health Centre","At Kamagra.ae, your satisfaction and well-being are our top priorities. We prioritize quality, authenticity, and discretion in every product we offer, ensuring you receive safe and effective solutions for your needs. Our commitment to customer satisfaction extends beyond the products themselves. We provide comprehensive information and support to guide you in making informed decisions about your health and wellness journey. Experience the difference with Kamagra.ae. Explore our range of products today and take a step towards a more vibrant, fulfilling life."
Dubaisextoy,https://dubaisextoy.om/,alrayesbaderalrayes@gmail.com,0563598207,"Heath & Fitness, Health Centre, Shipping","Explore pleasure with our premium sex toys in Dubai. Discreet delights, curated for your satisfaction. Elevate intimacy and discover a world of pleasure. Shop confidently with us today. whatsapp us: +971563598207 visit us: www.dubaisextoy.com"
Glosssmile,https://glosssmile.com/,care@glosssmile.com,0551550529,"Dentists, Health Centre, Health Centre","Gloss Smile Dental Care is a renowned dental clinic located in Dubai, providing excellent dental care services to its patients. Whether you need a routine check-up or a complex dental procedure, Gloss Smile Dental Care is the right place to go. The clinic has a team of experienced and highly qualified dentists who use the latest technology and techniques to ensure that patients receive the best possible care. If you're looking for a dentist in Dubai, Gloss Smile Dental Care should be at the top of your list. The clinic offers a range of services, including teeth whitening, dental implants, orthodontics, and more. With their state-of-the-art facilities and friendly staff, you can rest assured that you'll receive the highest level of care."